Cluster,Size,Size_Percentage,Recency_Avg,Frequency_Avg,Monetary_Avg,Recency_Median,Frequency_Median,Monetary_Median
1,1675,28.496087104457295,57.29074626865672,15.953432835820896,8561.950573731343,25.0,11.0,3939.2399999999984
2,2363,40.20074855392991,91.93694456199746,2.9437156157427,851.3683008887009,61.0,3.0,716.54
0,1840,31.303164341612792,472.94565217391306,1.7885869565217392,555.3009576086956,438.0,1.0,326.45000000000005
